CODIGO,CURSO,DEP,SECCION,TIPO,DIA,HORA,AULA,DOCENTE,CICLO
BFI01,FÍSICA I,CB,M,T,LU,10:00-12:00,,"HUALLPA GUTIERREZ, WALTER",1
BFI01,FÍSICA I,CB,M,T,MI,10:00-12:00,,"HUALLPA GUTIERREZ, WALTER",1
BFI01,FÍSICA I,CB,M,P,VI,08:00-10:00,,"HUALLPA GUTIERREZ, WALTER",1
BFI01,FÍSICA I,CB,M,L,JU,08:00-10:00,,"HUALLPA GUTIERREZ, WALTER",1
BFI01,FÍSICA I,CB,N,T,LU,10:00-12:00,,"LLAMOJA CURI, JOHNNY",1
BFI01,FÍSICA I,CB,N,T,MI,08:00-10:00,,"LLAMOJA CURI, JOHNNY",1
BFI01,FÍSICA I,CB,N,P,VI,08:00-10:00,,"LLAMOJA CURI, JOHNNY",1
BFI01,FÍSICA I,CB,N,L,MA,14:00-16:00,,"LLAMOJA CURI, JOHNNY",1
BFI01,FÍSICA I,CB,O,T,LU,08:00-10:00,,CARO AMERY. JOSE,1
BFI01,FÍSICA I,CB,O,T,LU,10:00-12:00,,CARO AMERY. JOSE,1
BFI01,FÍSICA I,CB,O,P,VI,08:00-10:00,,"DURAND BERNALD, LUIS",1
BFI01,FÍSICA I,CB,O,L,JU,14:00-16:00,,"DURAND BERNALD, LUIS",1
BIC01,INTRODUCCIÓN A LA COMPUTACIÓN,CB,M,T,LU,13:00-14:00,LIFIEE,"ROJAS VILLANUEVA, UWE",1
BIC01,INTRODUCCIÓN A LA COMPUTACIÓN,CB,M,P,LU,14:00-16:00,LIFIEE,"ROJAS VILLANUEVA, UWE",1
BIC01,INTRODUCCIÓN A LA COMPUTACIÓN,CB,N,T,SA,08:00-09:00,,NN,1
BIC01,INTRODUCCIÓN A LA COMPUTACIÓN,CB,N,P,SA,09:00-11:00,,NN,1
BIC01,INTRODUCCIÓN A LA COMPUTACIÓN,CB,O,T,MI,10:00-11:00,,NN,1
BIC01,INTRODUCCIÓN A LA COMPUTACIÓN,CB,O,P,MI,11:00-13:00,,NN,1
BMA01,CALCULO DIFERENCIAL,CB,M,T,LU,08.00-10.00,,"SAAL RIQUEROS, CESAR",1
BMA01,CALCULO DIFERENCIAL,CB,M,T,VI,10:00-12:00,,"SAAL RIQUEROS, CESAR",1
BMA01,CALCULO DIFERENCIAL,CB,M,P,MA,10:00-12:00,,"SAAL RIQUEROS, CESAR",1
BMA01,CALCULO DIFERENCIAL,CB,N,T,MI,14.00-16:00,,"ORIA CHAVARRIA, MARIO",1
BMA01,CALCULO DIFERENCIAL,CB,N,T,JU,08:00-10:00,,"ORIA CHAVARRIA, MARIO",1
BMA01,CALCULO DIFERENCIAL,CB,N,P,MA,10:00-12:00,,"ORIA CHAVARRIA, MARIO",1
BMA01,CALCULO DIFERENCIAL,CB,O,T,LU,14:00-16:00,,"CORNEJO HUAMAN, JORGE",1
BMA01,CALCULO DIFERENCIAL,CB,O,T,VI,10:00-12:00,,"CORNEJO HUAMAN, JORGE",1
BMA01,CALCULO DIFERENCIAL,CB,O,P,MA,10:00-12:00,,"CORNEJO HUAMAN, JORGE",1
BMA03,ALGEBRA LINEAL,CB,M,T,MA,14:00-17:00,,"SALINAS AQUIJE, TEOFILO",1
BMA03,ALGEBRA LINEAL,CB,M,P,JU,11:00-13:00,,"SALINAS AQUIJE, TEOFILO",1
BMA03,ALGEBRA LINEAL,CB,N,T,VI,10:00-13:00,,"ERQUIZIO ESPINAL, JOSE EDUARDO",1
BMA03,ALGEBRA LINEAL,CB,N,P,JU,11:00-13:00,,"ERQUIZIO ESPINAL, JOSE EDUARDO",1
BMA03,ALGEBRA LINEAL,CB,O,T,MA,14:00-17:00,,NN,1
BMA03,ALGEBRA LINEAL,CB,O,P,JU,11:00-13:00,,NN,1
BRN01,"REALIDAD NACIONAL, CONSTITUCIÓN Y DERECHOS HUMANOS",CB,M,T,LU,16:00-18:00,,"ARENALES SOLIS, JOSE CARLOS",1
BRN01,"REALIDAD NACIONAL, CONSTITUCIÓN Y DERECHOS HUMANOS",CB,M,P,JU,14:00-16:00,,"ARENALES SOLIS, JOSE CARLOS",1
BRN01,"REALIDAD NACIONAL, CONSTITUCIÓN Y DERECHOS HUMANOS",CB,N,T,MI,10:00-12:00,,"ARENALES SOLIS, JOSE CARLOS",1
BRN01,"REALIDAD NACIONAL, CONSTITUCIÓN Y DERECHOS HUMANOS",CB,N,P,VI,16:00-18:00,,"ARENALES SOLIS, JOSE CARLOS",1
BRN01,"REALIDAD NACIONAL, CONSTITUCIÓN Y DERECHOS HUMANOS",CB,O,T,MI,14:00-16:00,,"ARENALES SOLIS, JOSE CARLOS",1
BRN01,"REALIDAD NACIONAL, CONSTITUCIÓN Y DERECHOS HUMANOS",CB,O,P,MI,16:00-18:00,,"ARENALES SOLIS, JOSE CARLOS",1
EE250,DIBUJO TÉCNICO,CB,M,T,MI,17:00-19:00,VIRTUAL,"ALMORA RIVAS, ENRIQUE",1
EE250,DIBUJO TÉCNICO,CB,M,P,MI,19:00-21:00,VIRTUAL,"ALMORA RIVAS, ENRIQUE",1
EE250,DIBUJO TÉCNICO,CB,N,T,JU,18.00-20:00,VIRTUAL,"ALMORA RIVAS, ENRIQUE",1
EE250,DIBUJO TÉCNICO,CB,N,P,JU,20:00-22:00,VIRTUAL,"ALMORA RIVAS, ENRIQUE",1
EE250,DIBUJO TÉCNICO,CB,O,T,VI,17:00-19:00,VIRTUAL,"ALMORA RIVAS, ENRIQUE",1
EE250,DIBUJO TÉCNICO,CB,O,P,VI,19:00-21:00,VIRTUAL,"ALMORA RIVAS, ENRIQUE",1
BFI05,FUNDAMENTOS DE INGENIERIA TÉRMICA Y DE FLUIDOS,CB,M,T,LU,14:00-17:00,,"LLAMOJA CURI, JOHNNY",2
BFI05,FUNDAMENTOS DE INGENIERIA TÉRMICA Y DE FLUIDOS,CB,M,P,VI,10:00-12:00,,"LLAMOJA CURI, JOHNNY",2
BFI05,FUNDAMENTOS DE INGENIERIA TÉRMICA Y DE FLUIDOS,CB,N,T,MI,14:00-17:00,,"ALVA NAVARRO, ROY",2
BFI05,FUNDAMENTOS DE INGENIERIA TÉRMICA Y DE FLUIDOS,CB,N,P,VI,10:00-12:0,,"ALVA NAVARRO, ROY",2
BFI05,FUNDAMENTOS DE INGENIERIA TÉRMICA Y DE FLUIDOS,CB,O,T,LU,10:00-13:00,,"DURAND BERNALD, LUIS",2
BFI05,FUNDAMENTOS DE INGENIERIA TÉRMICA Y DE FLUIDOS,CB,O,P,VI,10:00-12:00,,"DURAND BERNALD, LUIS",2
BFI05,FUNDAMENTOS DE INGENIERIA TÉRMICA Y DE FLUIDOS,CB,P,T,MI,10.00-13:00,,"DURAND BERNALD, LUIS",2
BFI05,FUNDAMENTOS DE INGENIERIA TÉRMICA Y DE FLUIDOS,CB,P,P,VI,10:00-12:00,,"CHIRINOS VILLARUEL, FERNANDO",2
BMA09,ALGORITMOS Y ESTRUCTURA DE DATOS I,CB,M,T,SA,08:00-10:00,VIRTUAL,"BUTLER BLACKER, JORGE",2
BMA09,ALGORITMOS Y ESTRUCTURA DE DATOS I,CB,M,L,SA,10:00-12:00,VIRTUAL,"BUTLER BLACKER, JORGE",2
BMA09,ALGORITMOS Y ESTRUCTURA DE DATOS I,CB,N,T,MA,18:00-20:00,VIRTUAL,"BUTLER BLACKER, JORGE",2
BMA09,ALGORITMOS Y ESTRUCTURA DE DATOS I,CB,N,L,MA,20.00-22:00,VIRTUAL,"BUTLER BLACKER, JORGE",2
BMA09,ALGORITMOS Y ESTRUCTURA DE DATOS I,CB,O,T,SA,14:00-16:00,VIRTUAL,"BUTLER BLACKER, JORGE",2
BMA09,ALGORITMOS Y ESTRUCTURA DE DATOS I,CB,O,L,SA,16:00-18:00,VIRTUAL,"BUTLER BLACKER, JORGE",2
BMA09,ALGORITMOS Y ESTRUCTURA DE DATOS I,CB,P,T,MA,16:00-18:00,VIRTUAL,"MIGUEL CAÑAMERO, JOSE",2
BMA09,ALGORITMOS Y ESTRUCTURA DE DATOS I,CB,P,L,MA,18:00-20:00,VIRTUAL,"MIGUEL CAÑAMERO, JOSE",2
BMA02,CÁLCULO INTEGRAL,CB,M,T,MI,16:00-18:00,,"ORIA CHAVARRIA, MARIO",2
BMA02,CÁLCULO INTEGRAL,CB,M,T,JU,10:00-12:00,,"ORIA CHAVARRIA, MARIO",2
BMA02,CÁLCULO INTEGRAL,CB,M,P,MA,08:00-10:00,,"ORIA CHAVARRIA, MARIO",2
BMA02,CÁLCULO INTEGRAL,CB,N,T,MI,08:00-10:00,,"ERQUIZIO ESPINAL, JOSE EDUARDO",2
BMA02,CÁLCULO INTEGRAL,CB,N,T,VI,08:00-10:00,,"ERQUIZIO ESPINAL, JOSE EDUARDO",2
BMA02,CÁLCULO INTEGRAL,CB,N,P,MA,08:00-10:00,,"ERQUIZIO ESPINAL, JOSE EDUARDO",2
BMA02,CÁLCULO INTEGRAL,CB,O,T,LU,14:00-16:00,,"SALINAS AQUIJE, TEOFILO",2
BMA02,CÁLCULO INTEGRAL,CB,O,T,JU,14:00-16:00,,"SALINAS AQUIJE, TEOFILO",2
BMA02,CÁLCULO INTEGRAL,CB,O,P,MA,08:00-10:00,,"SALINAS AQUIJE, TEOFILO",2
BQU01,QUÍMICA I,CB,M,T,LU,10:00-12:00,,"RODRIGUEZ MORALES, MARIA",2
BQU01,QUÍMICA I,CB,M,T,MI,10:00-12:00,,"RODRIGUEZ MORALES, MARIA",2
BQU01,QUÍMICA I,CB,M,P,JU,08:00-10:00,,"RODRIGUEZ MORALES, MARIA",2
BQU01,QUÍMICA I,CB,M,L,JU,14:00-16:00,LAB QUIM,"RODRIGUEZ MORALES, MARIA / MEDINA RODRIGUEZ, RAQUEL",2
BQU01,QUÍMICA I,CB,N,T,MI,10:00-12:00,,"MEDINA RODRIGUEZ, RAQUEL",2
BQU01,QUÍMICA I,CB,N,T,JU,10:00-12:00,,"MEDINA RODRIGUEZ, RAQUEL",2
BQU01,QUÍMICA I,CB,N,P/L,JU,08:00-10:00,LAB QUIM,"MEDINA RODRIGUEZ, RAQUEL / GARAY CAUTI, ZOILA",2
BQU01,QUÍMICA I,CB,O,T,LU,08:00-10:00,,"RODRIGUEZ MORALES, MARIA",2
BQU01,QUÍMICA I,CB,O,T,MI,08:00-10:00,,"RODRIGUEZ MORALES, MARIA",2
BQU01,QUÍMICA I,CB,O,P,JU,08:00-10:00,,"RODRIGUEZ MORALES, MARIA",2
BQU01,QUÍMICA I,CB,O,L,JU,11:00-13:00,LAB QUIM,"RODRIGUEZ MORALES, MARIA /  GARAY CAUTI, ZOILA",2
BRC01,REDACCION Y COMUNICACION,CB,M,T,JU,16:00-17:00,,LEÓN CONTRERAS IRAIDA ARLENE,2
BRC01,REDACCION Y COMUNICACION,CB,M,P,JU,17:00-19:00,,LEÓN CONTRERAS IRAIDA ARLENE,2
BRC01,REDACCION Y COMUNICACION,CB,N,T,VI,16:00-17:00,,LEÓN CONTRERAS IRAIDA ARLENE,2
BRC01,REDACCION Y COMUNICACION,CB,N,P,VI,17:00-19:00,,LEÓN CONTRERAS IRAIDA ARLENE,2
BRC01,REDACCION Y COMUNICACION,CB,O,T,LU,16:00-17:00,,LEÓN CONTRERAS IRAIDA ARLENE,2
BRC01,REDACCION Y COMUNICACION,CB,O,P,LU,17:00-19:00,,LEÓN CONTRERAS IRAIDA ARLENE,2
EE152,FUNDAMENTOS DE INGENIERÍA DEL COMPUTADOR,CB,M,T,MA,18:00-19:00,VIRTUAL,"BRICEÑO ARANDA, CESAR",2
EE152,FUNDAMENTOS DE INGENIERÍA DEL COMPUTADOR,CB,M,L,MA,19:00-21:00,VIRTUAL,"BRICEÑO ARANDA, CESAR",2
EE152,FUNDAMENTOS DE INGENIERÍA DEL COMPUTADOR,CB,M,L,VI,19.00-21:00,VIRTUAL,"BRICEÑO ARANDA, CESAR",2
EE152,FUNDAMENTOS DE INGENIERÍA DEL COMPUTADOR,CB,N,T,MA,10:00 - 11:00,,nn,2
EE152,FUNDAMENTOS DE INGENIERÍA DEL COMPUTADOR,CB,N,L,MA,11:00-13:00,LIFIEE,nn,2
EE152,FUNDAMENTOS DE INGENIERÍA DEL COMPUTADOR,CB,N,L,JU,14:00-16:00,LIFIEE,nn,2
EE152,FUNDAMENTOS DE INGENIERÍA DEL COMPUTADOR,CB,O,T,MI,10.00-11:00,,NN,2
EE152,FUNDAMENTOS DE INGENIERÍA DEL COMPUTADOR,CB,O,L,MI,11:00-13:00,LIFIEE,NN,2
EE152,FUNDAMENTOS DE INGENIERÍA DEL COMPUTADOR,CB,O,L,VI,08:00-10:00,LIFIEE,NN,2
BFI03,"FUNDAMENTOS DE ELECTRICIDAD, MAGNETISMO Y ÓPTICA  ",CB,M,T,LU,14.00-16:00,,"PEÑA YALICO, VICENTE",3
BFI03,"FUNDAMENTOS DE ELECTRICIDAD, MAGNETISMO Y ÓPTICA  ",CB,M,T,VI,08:00-10:00,,"PEÑA YALICO, VICENTE",3
BFI03,"FUNDAMENTOS DE ELECTRICIDAD, MAGNETISMO Y ÓPTICA  ",CB,M,P/L,MI,08:00-10:00,,"PEÑA YALICO, VICENTE",3
BFI03,"FUNDAMENTOS DE ELECTRICIDAD, MAGNETISMO Y ÓPTICA  ",CB,N,T,LU,16:00-18:00,,"DURAND BERNALD, LUIS",3
BFI03,"FUNDAMENTOS DE ELECTRICIDAD, MAGNETISMO Y ÓPTICA  ",CB,N,T,MI,16:00-18:00,,"DURAND BERNALD, LUIS",3
BFI03,"FUNDAMENTOS DE ELECTRICIDAD, MAGNETISMO Y ÓPTICA  ",CB,N,P,MI,08:00-10:00,,"DURAND BERNALD, LUIS",3
BFI03,"FUNDAMENTOS DE ELECTRICIDAD, MAGNETISMO Y ÓPTICA  ",CB,N,L,JU,10:00-12:00,,"DURAND BERNALD, LUIS",3
BFI03,"FUNDAMENTOS DE ELECTRICIDAD, MAGNETISMO Y ÓPTICA  ",CB,O,T,LU,08:00-10:00,,"ALVA NAVARRO, ROY",3
BFI03,"FUNDAMENTOS DE ELECTRICIDAD, MAGNETISMO Y ÓPTICA  ",CB,O,T,MI,10:00-12:00,,"ALVA NAVARRO, ROY",3
BFI03,"FUNDAMENTOS DE ELECTRICIDAD, MAGNETISMO Y ÓPTICA  ",CB,O,P,MI,08:00-10:00,,"ALVA NAVARRO, ROY",3
BFI03,"FUNDAMENTOS DE ELECTRICIDAD, MAGNETISMO Y ÓPTICA  ",CB,O,L,MA,14:00-16:00,,"ALVA NAVARRO, ROY",3
BFI03,"FUNDAMENTOS DE ELECTRICIDAD, MAGNETISMO Y ÓPTICA  ",CB,P,T,MI,10:00-12:00,,"PEÑA YALICO, VICENTE",3
BFI03,"FUNDAMENTOS DE ELECTRICIDAD, MAGNETISMO Y ÓPTICA  ",CB,P,T,VI,10:00-12:00,,"PEÑA YALICO, VICENTE",3
BFI03,"FUNDAMENTOS DE ELECTRICIDAD, MAGNETISMO Y ÓPTICA  ",CB,P,P,MI,08:00-10:00,,"CHIRINOS VILLARUEL, FERNANDO",3
BFI03,"FUNDAMENTOS DE ELECTRICIDAD, MAGNETISMO Y ÓPTICA  ",CB,P,L,JU,08:00-10:00,,"CHIRINOS VILLARUEL, FERNANDO",3
BEG01,ECONOMÍA GENERAL,CB,M,T,MA,10:00-12:00,,CONVENIO,3
BEG01,ECONOMÍA GENERAL,CB,M,P,VI,14:00-16:00,,CONVENIO,3
BEG01,ECONOMÍA GENERAL,CB,N,T,JU,10:00-12:00,,CONVENIO,3
BEG01,ECONOMÍA GENERAL,CB,N,P,VI,14:00-16:00,,CONVENIO,3
BEG01,ECONOMÍA GENERAL,CB,O,T,JU,10:00-12:00,,CONVENIO,3
BEG01,ECONOMÍA GENERAL,CB,O,P,VI,14:00-16:00,,CONVENIO,3
BMA05,ECUACIONES DIFERENCIALES,CB,M,T,LU,10:00-12:00,,"CALLA MARIN, CARLOS",3
BMA05,ECUACIONES DIFERENCIALES,CB,M,T,MA,14:00-16:00,,"CALLA MARIN, CARLOS",3
BMA05,ECUACIONES DIFERENCIALES,CB,M,P,MA,16:00-18:00,,"CALLA MARIN, CARLOS",3
BMA05,ECUACIONES DIFERENCIALES,CB,N,T,JU,16:00-18:00,,NN,3
BMA05,ECUACIONES DIFERENCIALES,CB,N,T,MA,10:00-12:00,,NN,3
BMA05,ECUACIONES DIFERENCIALES,CB,N,P,MA,16:00-18:00,,NN,3
BMA05,ECUACIONES DIFERENCIALES,CB,O,T,LU,16:00-18:00,,"CORNEJO HUAMAN, JORGE",3
BMA05,ECUACIONES DIFERENCIALES,CB,O,T,VI,08:00-10:00,,"CORNEJO HUAMAN, JORGE",3
BMA05,ECUACIONES DIFERENCIALES,CB,O,P,MA,16:00-18:00,,"CORNEJO HUAMAN, JORGE",3
BMA10,PROBABILIDADES Y ESTADÍSTICA                                                       ,CB,M,T,MA,08:00-10:00,,"ESPINOZA VÁSQUEZ, MANUEL",3
BMA10,PROBABILIDADES Y ESTADÍSTICA                                                       ,CB,M,P,JU,12:00-14:00,,"ESPINOZA VÁSQUEZ, MANUEL",3
BMA10,PROBABILIDADES Y ESTADÍSTICA                                                       ,CB,N,T,JU,08:00-10:00,,"ESPINOZA VÁSQUEZ, MANUEL",3
BMA10,PROBABILIDADES Y ESTADÍSTICA                                                       ,CB,N,P,JU,12:00-14:00,,"ESPINOZA VÁSQUEZ, MANUEL",3
BMA10,PROBABILIDADES Y ESTADÍSTICA                                                       ,CB,N,S,VI,11:00-13:00,,"ESPINOZA VÁSQUEZ, MANUEL",3
BMA10,PROBABILIDADES Y ESTADÍSTICA                                                       ,CB,O,T,LU,18:00-20:00,,"LÓPEZ ESQUIVEL, MIGUEL",3
BMA10,PROBABILIDADES Y ESTADÍSTICA                                                       ,CB,O,P,JU,12:00-14:00,,"LÓPEZ ESQUIVEL, MIGUEL",3
BMA10,PROBABILIDADES Y ESTADÍSTICA                                                       ,CB,P,T,LU,14.00-16:00,,"LÓPEZ ESQUIVEL, MIGUEL",3
BMA10,PROBABILIDADES Y ESTADÍSTICA                                                       ,CB,P,P,JU,12:00-14:00,,"LÓPEZ ESQUIVEL, MIGUEL",3
BMA10,PROBABILIDADES Y ESTADÍSTICA                                                       ,CB,P,S,JU,14:00-16:00,,"LÓPEZ ESQUIVEL, MIGUEL",3
BMA15,PROGRAMACION ORIENTADA A OBJETOS,CB,M,T,MI,10:00-12:00,,"CASTILLO BELSUZARRI, TRINI",3
BMA15,PROGRAMACION ORIENTADA A OBJETOS,CB,M,L,MI,12:00-14:00,LIFIEE,"CASTILLO BELSUZARRI, TRINI",3
BMA15,PROGRAMACION ORIENTADA A OBJETOS,CB,N,T,MA,08:00-10:00,,"CASTILLO BELSUZARRI, TRINI",3
BMA15,PROGRAMACION ORIENTADA A OBJETOS,CB,N,L,MA,10:00-12:00,LIFIEE,"CASTILLO BELSUZARRI, TRINI",3
BMA15,PROGRAMACION ORIENTADA A OBJETOS,CB,O,T,LU,10:00-12:00,,"CASTILLO BELSUZARRI, TRINI",3
BMA15,PROGRAMACION ORIENTADA A OBJETOS,CB,O,L,LU,12:00-14:00,LIFIEE,"CASTILLO BELSUZARRI, TRINI",3
EE306,ELECTROTECNIA E INSTALACION DE REDES                 ,L1,M,T,LU,08.00-10:00,,"FARFAN LIRA, JOSE ENRIQUE",3
EE306,ELECTROTECNIA E INSTALACION DE REDES                 ,L1,M,P/L,JU,08:00-10:00,,"PUICAN VERA, JOSE",3
EE306,ELECTROTECNIA E INSTALACION DE REDES                 ,L1,N,T,LU,14:00-16:00,,"FARFAN LIRA, JOSE ENRIQUE",3
EE306,ELECTROTECNIA E INSTALACION DE REDES                 ,L1,N,P/L,JU,14:00-16:00,,"PUICAN VERA, JOSE",3
EE306,ELECTROTECNIA E INSTALACION DE REDES                 ,L1,O,T,LU,20:00-22:00,,"CHAVEZ CHACALTANA, ORLANDO",3
EE306,ELECTROTECNIA E INSTALACION DE REDES                 ,L1,O,P/L,MI,18:00-20:00,,"CHAVEZ CHACALTANA, ORLANDO",3
EE306,ELECTROTECNIA E INSTALACION DE REDES                 ,L1,P,T,LU,18:00-20:00,,"CHAVEZ CHACALTANA, ORLANDO",3
EE306,ELECTROTECNIA E INSTALACION DE REDES                 ,L1,P,P/L,MI,20:00-22:00,,"CHAVEZ CHACALTANA, ORLANDO",3
EE306,ELECTROTECNIA E INSTALACION DE REDES                 ,L2,Q,T,LU,16:00-18:00,,"FARFAN LIRA, JOSE ENRIQUE",3
EE306,ELECTROTECNIA E INSTALACION DE REDES                 ,L3,Q,P/L,JU,10:00 -12:00,,"FARFAN LIRA, JOSE ENRIQUE",3
EE306,ELECTROTECNIA E INSTALACION DE REDES                 ,L1,R,T,MI,16:00-18:00,,"FARFAN LIRA, JOSE ENRIQUE",3
EE306,ELECTROTECNIA E INSTALACION DE REDES                 ,L1,R,P/L,JU,10:00-12:00,,"PUICAN VERA, JOSE",3
BEF01,ETICA Y FILOSOFIA POLITICA,CB,M,T,SA,08:00-10:00,VIRTUAL,"ATARAMA URBINA, ANCO LUIS",4
BEF01,ETICA Y FILOSOFIA POLITICA,CB,N,T,SA,10:00-12:00,VIRTUAL,"ATARAMA URBINA, ANCO LUIS",4
BEF01,ETICA Y FILOSOFIA POLITICA,CB,O,T,SA,16:00-18:00,VIRTUAL,"ARENALES SOLIS, JOSE CARLOS",4
BFI06,INTRODUCCION A LA FISICA MODERNA                                       ,CB,M,T,LU,08:00-11:00,VIRTUAL,"PAUYAC HUAMAN, JOSE",4
BFI06,INTRODUCCION A LA FISICA MODERNA                                       ,CB,M,P,JU,10:00-12:00,VIRTUAL,"PAUYAC HUAMAN, JOSE",4
BFI06,INTRODUCCION A LA FISICA MODERNA                                       ,CB,N,T,MI,10.00-13:00,VIRTUAL,"PAUYAC HUAMAN, JOSE",4
BFI06,INTRODUCCION A LA FISICA MODERNA                                       ,CB,N,P,JU,08:00-10:00,VIRTUAL,"PAUYAC HUAMAN, JOSE",4
BFI06,INTRODUCCION A LA FISICA MODERNA                                       ,CB,O,T,MI,10:00-13:00,VIRTUAL,"LLAMOJA CURI, JOHNNY",4
BFI06,INTRODUCCION A LA FISICA MODERNA                                       ,CB,O,P,JU,08:00-10:00,VIRTUAL,"LLAMOJA CURI, JOHNNY",4
BFI06,INTRODUCCION A LA FISICA MODERNA                                       ,CB,P,T,VI,08:00-11:00,VIRTUAL,CARO AMERY. JOSE,4
BFI06,INTRODUCCION A LA FISICA MODERNA                                       ,CB,P,P,JU,14:00-16:00,VIRTUAL,"CHIRINOS VILLARUEL, FERNANDO",4
BFI06,INTRODUCCION A LA FISICA MODERNA                                       ,CB,Q,T,LU,14.00-17:00,VIRTUAL,"ALVA NAVARRO, ROY",4
BFI06,INTRODUCCION A LA FISICA MODERNA                                       ,CB,Q,P,MA,08:00-10:00,VIRTUAL,"ALVA NAVARRO, ROY",4
BMA07,CALCULO VECTORIAL                                                                                       ,CB,M,T,VI,16:00-19:00,VIRTUAL,"ROJAS CERNA, VICTOR",4
BMA07,CALCULO VECTORIAL                                                                                       ,CB,M,P,JU,14:00-16:00,VIRTUAL,"ROJAS CERNA, VICTOR",4
BMA07,CALCULO VECTORIAL                                                                                       ,CB,N,T,SA,14:00-17:00,VIRTUAL,"ARIAS ANTONIO, LEANDRO",4
BMA07,CALCULO VECTORIAL                                                                                       ,CB,N,P,JU,14:00-16:00,VIRTUAL,"ARIAS ANTONIO, LEANDRO",4
BMA07,CALCULO VECTORIAL                                                                                       ,CB,O,T,MA,08:00-11:00,VIRTUAL,NN,4
BMA07,CALCULO VECTORIAL                                                                                       ,CB,O,P,MA,08:00-10:00,VIRTUAL,"ROJAS CERNA, VICTOR",4
BMA07,CALCULO VECTORIAL                                                                                       ,CB,P,T,MA,08:00-11:00,VIRTUAL,"CALLA MARIN, CARLOS",4
BMA07,CALCULO VECTORIAL                                                                                       ,CB,P,P,MI,10:00-12:00,VIRTUAL,"CALLA MARIN, CARLOS",4
BMA18,METODOS NUMERICOS,CB,M,T,LU,14:00-16:00,VIRTUAL,"MIGUEL CAÑAMERO, JOSE",4
BMA18,METODOS NUMERICOS,CB,M,P/L,MA,14:00-16:00,VIRTUAL,"MIGUEL CAÑAMERO, JOSE",4
BMA18,METODOS NUMERICOS,CB,N,T,LU,16:00-18:00,VIRTUAL,"MIGUEL CAÑAMERO, JOSE",4
BMA18,METODOS NUMERICOS,CB,N,P/L,JU,10:00-12:00,VIRTUAL,"MIGUEL CAÑAMERO, JOSE",4
BMA18,METODOS NUMERICOS,CB,O,T,MA,14:00-16:00,VIRTUAL,"DIAZ ACHA, ISRAEL",4
BMA18,METODOS NUMERICOS,CB,O,P,MA,16:00-18:00,VIRTUAL,"DIAZ ACHA, ISRAEL",4
BMA18,METODOS NUMERICOS,CB,P,T,MI,08:00-10:00,VIRTUAL,"DIAZ ACHA, ISRAEL",4
BMA18,METODOS NUMERICOS,CB,P,P,MI,18:00-20:00,VIRTUAL,"DIAZ ACHA, ISRAEL",4
BMA18,METODOS NUMERICOS,CB,Q,T,LU,18:00-20:00,VIRTUAL,"DIAZ ACHA, ISRAEL",4
BMA18,METODOS NUMERICOS,CB,Q,P,MI,16:00-18:00,VIRTUAL,"DIAZ ACHA, ISRAEL",4
EE320,CIRCUITOS ELECTRICOS I                                                                                   ,L1,M,T,MI,10:00-13:00,VIRTUAL,"RAMOS CARRION, JORGE",4
EE320,CIRCUITOS ELECTRICOS I                                                                                   ,L1,M,P,VI,08:00-10:00,VIRTUAL,"RAMOS CARRION, JORGE",4
EE320,CIRCUITOS ELECTRICOS I                                                                                   ,L1,M,L,JU,08:00-10:00,LAB L1,"RAMOS CARRION, JORGE",4
EE320,CIRCUITOS ELECTRICOS I                                                                                   ,L1,N,T,MI,14:00-17:00,VIRTUAL,"NEGRON MARTINEZ, CONSUELO",4
EE320,CIRCUITOS ELECTRICOS I                                                                                   ,L1,N,L,MA,14:00-16:00,LAB L1,"NEGRON MARTINEZ, CONSUELO",4
EE320,CIRCUITOS ELECTRICOS I                                                                                   ,L1,N,P,VI,14:00-16:00,VIRTUAL,"NEGRON MARTINEZ, CONSUELO",4
EE320,CIRCUITOS ELECTRICOS I                                                                                   ,L1,O,T,VI,16:00-19:00,VIRTUAL,"NEGRON MARTINEZ, CONSUELO",4
EE320,CIRCUITOS ELECTRICOS I                                                                                   ,L1,O,P,JU,14:00-16:00,VIRTUAL,"NEGRON MARTINEZ, CONSUELO",4
EE320,CIRCUITOS ELECTRICOS I                                                                                   ,L1,O,L,MA,11:00-13:00,LAB L1,"WATERS TORRES, OSWALDO",4
EE320,CIRCUITOS ELECTRICOS I                                                                                   ,L1,P,T,LU,17:00-20:00,VIRTUAL,"TOKUMORI KIYOTA, SERGIO",4
EE320,CIRCUITOS ELECTRICOS I                                                                                   ,L1,P,P,MA,18:00-20:00,VIRTUAL,"TOKUMORI KIYOTA, SERGIO",4
EE320,CIRCUITOS ELECTRICOS I                                                                                   ,L1,P,L,JU,08:00-10:00,LAB L1,"TOKUMORI KIYOTA, SERGIO",4
EE320,CIRCUITOS ELECTRICOS I                                                                                   ,L1,Q,T,LU,10:00-13:00,VIRTUAL,"WATERS TORRES, OSWALDO",4
EE320,CIRCUITOS ELECTRICOS I                                                                                   ,L1,Q,P,MI,16:00-18:00,VIRTUAL,"TOKUMORI KIYOTA, SERGIO",4
EE320,CIRCUITOS ELECTRICOS I                                                                                   ,L1,Q,L,JU,10:00-12:00,LAB L1,"TOKUMORI KIYOTA, SERGIO",4
EE320,CIRCUITOS ELECTRICOS I                                                                                   ,L1,R,T,LU,14:00-17:00,VIRTUAL,"WATERS TORRES, OSWALDO",4
EE320,CIRCUITOS ELECTRICOS I                                                                                   ,L1,R,P,MI,14:00-16:00,VIRTUAL,"WATERS TORRES, OSWALDO",4
EE320,CIRCUITOS ELECTRICOS I                                                                                   ,L1,R,L,MA,14:00-16:00,LAB L1,"WATERS TORRES, OSWALDO",4
EE410,ANALISIS DE SEÑALES Y SISTEMAS                                                   ,CB,M,T,MA,10:00-13:00,VIRTUAL,"DIAZ ACHA, ISRAEL",4
EE410,ANALISIS DE SEÑALES Y SISTEMAS                                                   ,CB,M,P,SA,08:00-10:00,VIRTUAL,"DIAZ ACHA, ISRAEL",4
EE410,ANALISIS DE SEÑALES Y SISTEMAS                                                   ,CB,N,T,JU,16:00-19:00,VIRTUAL,"ROJAS CERNA, VICTOR",4
EE410,ANALISIS DE SEÑALES Y SISTEMAS                                                   ,CB,N,P,MA,10:00-12:00,VIRTUAL,"ROJAS CERNA, VICTOR",4
EE410,ANALISIS DE SEÑALES Y SISTEMAS                                                   ,CB,O,T,LU,10:00-13:00,VIRTUAL,NN,4
EE410,ANALISIS DE SEÑALES Y SISTEMAS                                                   ,CB,O,P,VI,18:00-20:00,VIRTUAL,NN,4
EE410,ANALISIS DE SEÑALES Y SISTEMAS                                                   ,CB,P,T,JU,17:00-20:00,VIRTUAL,"ARIAS ANTONIO, LEANDRO",4
EE410,ANALISIS DE SEÑALES Y SISTEMAS                                                   ,CB,P,P,VI,16:00-18:00,VIRTUAL,"ARIAS ANTONIO, LEANDRO",4
EE410,ANALISIS DE SEÑALES Y SISTEMAS                                                   ,CB,Q,T,MA,08:00-11:00,VIRTUAL,NN,4
EE410,ANALISIS DE SEÑALES Y SISTEMAS                                                   ,CB,Q,P,VI,18:00-20:00,VIRTUAL,"ARIAS ANTONIO, LEANDRO",4
BFM16,MECANICA DE FLUIDOS Y TERMODINAMICA,L1,M,T,JU,16:00-18:00,VIRTUAL,"VELAZCO LORENZO, DINAU",5
BFM16,MECANICA DE FLUIDOS Y TERMODINAMICA,L1,M,P,JU,18:00-20:00,VIRTUAL,"VELAZCO LORENZO, DINAU",5
BFM16,MECANICA DE FLUIDOS Y TERMODINAMICA,L1,N,T,LU,18:00-20:00,VIRTUAL,"VELAZCO LORENZO, DINAU",5
BFM16,MECANICA DE FLUIDOS Y TERMODINAMICA,L1,N,P,LU,20:00-22:00,VIRTUAL,"VELAZCO LORENZO, DINAU",5
BMA22,PROCESOS ESTOCASTICOS Y TEORIA DE LA INFORMACION ,CB,M,T,VI,08:00-11:00,VIRTUAL,"ESPINOZA VÁSQUEZ, MANUEL",5
BMA22,PROCESOS ESTOCASTICOS Y TEORIA DE LA INFORMACION ,CB,M,P,MA,10:00-12:00,VIRTUAL,"ESPINOZA VÁSQUEZ, MANUEL",5
EE418,DISPOSITIVOS Y CIRCUITOS ELECTRONICOS I                          ,L2,M,T,LU,10:00-13:00,VIRTUAL,"LAZO OCHOA, DOMINGO",5
EE418,DISPOSITIVOS Y CIRCUITOS ELECTRONICOS I                          ,L2,M,P,MI,08:00-10:00,VIRTUAL,"LAZO OCHOA, DOMINGO",5
EE418,DISPOSITIVOS Y CIRCUITOS ELECTRONICOS I                          ,L2,N,T,MI,10:00-13:00,VIRTUAL,"LAZO OCHOA, DOMINGO",5
EE418,DISPOSITIVOS Y CIRCUITOS ELECTRONICOS I                          ,L2,N,P,VI,08:00-10:00,VIRTUAL,"LAZO OCHOA, DOMINGO",5
EE418,DISPOSITIVOS Y CIRCUITOS ELECTRONICOS I                          ,L2,O,T,VI,10:00-13:00,VIRTUAL,"LAZO OCHOA, DOMINGO",5
EE418,DISPOSITIVOS Y CIRCUITOS ELECTRONICOS I                          ,L2,O,P,VI,20:00-22:00,VIRTUAL,"LAZO OCHOA, DOMINGO",5
EE420,CIRCUITOS ELECTRICOS II                                                                           ,L1,M,T,MI,16:00-19:00,VIRTUAL,"BETETTA GOMEZ, JUDITH",5
EE420,CIRCUITOS ELECTRICOS II                                                                           ,L1,M,P,MA,08:00-10:00,VIRTUAL,"BETETTA GOMEZ, JUDITH",5
EE420,CIRCUITOS ELECTRICOS II                                                                           ,L1,M,L,JU,14:00-16:00,LAB L1,"BETETTA GOMEZ, JUDITH",5
EE420,CIRCUITOS ELECTRICOS II                                                                           ,L1,N,T,VI,10.00-13:00,VIRTUAL,"RAMOS CARRION, JORGE",5
EE420,CIRCUITOS ELECTRICOS II                                                                           ,L1,N,P,MI,08:00-10:00,VIRTUAL,"RAMOS CARRION, JORGE",5
EE420,CIRCUITOS ELECTRICOS II                                                                           ,L1,N,L,VI,14:00-16:00,LAB L1,NN,5
EE420,CIRCUITOS ELECTRICOS II                                                                           ,L1,O,T,MI,08.00-11:00,VIRTUAL,"BETETTA GOMEZ, JUDITH",5
EE420,CIRCUITOS ELECTRICOS II                                                                           ,L1,O,P,MA,10:00-12:00,VIRTUAL,"BETETTA GOMEZ, JUDITH",5
EE420,CIRCUITOS ELECTRICOS II                                                                           ,L1,O,L,VI,12:00-14:00,LAB L1,nn,5
EE420,CIRCUITOS ELECTRICOS II                                                                           ,L1,P,T,MI,18:00-21:00,VIRTUAL,"ROCHA JARA, ALFREDO",5
EE420,CIRCUITOS ELECTRICOS II                                                                           ,L1,P,P,LU,18:00-20:00,VIRTUAL,"ROCHA JARA, ALFREDO",5
EE420,CIRCUITOS ELECTRICOS II                                                                           ,L1,P,L,MA,10:00-12:00,LAB L1,"ROCHA JARA, ALFREDO",5
EE420,CIRCUITOS ELECTRICOS II                                                                           ,L1,Q,T,LU,15:00-18:00,VIRTUAL,"ROCHA JARA, ALFREDO",5
EE420,CIRCUITOS ELECTRICOS II                                                                           ,L1,Q,P,MI,16:00-18:00,VIRTUAL,"ROCHA JARA, ALFREDO",5
EE420,CIRCUITOS ELECTRICOS II                                                                           ,L1,Q,L,MA,08:00-10:00,LAB L1,"ROCHA JARA, ALFREDO",5
EE428,LABORATORIO DE ELECTRONICA I,L2,M,L,JU,11:00-13:00,LAB L2,"ALBURQUEQUE GUERRERO, ANGEL",5
EE428,LABORATORIO DE ELECTRONICA I,L2,N,L,JU,08:00-10:00,LAB L2,"ALBURQUEQUE GUERRERO, ANGEL",5
EE428,LABORATORIO DE ELECTRONICA I,L2,O,L,LU,20:00-22:00,LAB L2,NN,5
EE428,LABORATORIO DE ELECTRONICA I,L2,P,L,MA,08:00-10:00,LAB L2,"ALBURQUEQUE GUERRERO, ANGEL",5
EE428,LABORATORIO DE ELECTRONICA I,L2,Q,L,MA,20:00-22:00,LAB L2,NN,5
EE428,LABORATORIO DE ELECTRONICA I,L2,R,L,LU,10:00-12:00,LAB L2,"ROMERO FUENTES, VIRGINIA",5
EE428,LABORATORIO DE ELECTRONICA I,L2,S,L,LU,12:00-14:00,LAB L2,"ROMERO FUENTES, VIRGINIA",5
EE522,ELECTROMAGNETISMO I                                                                               ,L2,M,T,VI,15::00-18:00,VIRTUAL,"DELGADO LEON, MIGUEL",5
EE522,ELECTROMAGNETISMO I                                                                               ,L2,M,P,LU,08:00-10:00,VIRTUAL,"PEÑA YALICO, VICENTE",5
EE522,ELECTROMAGNETISMO I                                                                               ,L2,N,T,MA,08:00-11:00,VIRTUAL,"PEÑA YALICO, VICENTE",5
EE522,ELECTROMAGNETISMO I                                                                               ,L2,N,P,VI,16:00-18:00,VIRTUAL,"PEÑA YALICO, VICENTE",5
EE522,ELECTROMAGNETISMO I                                                                               ,L2,O,T,LU,09:00-12:00,VIRTUAL,"DELGADO LEON, MIGUEL",5
EE522,ELECTROMAGNETISMO I                                                                               ,L2,O,P,JU,10.00-12:00,VIRTUAL,"MEDINA RAMIREZ, JOSE AGUSTIN",5
EE522,ELECTROMAGNETISMO I                                                                               ,L2,P,T,LU,09.00 - 12:00,VIRTUAL,"MEDINA RAMIREZ, JOSE AGUSTIN",5
EE522,ELECTROMAGNETISMO I                                                                               ,L2,P,P,JU,14:00-16:00,VIRTUAL,"MEDINA RAMIREZ, JOSE AGUSTIN",5
EE647,SISTEMAS DE CONTROL I                                                                         ,L2,M,T,VI,19:00-22:00,VIRTUAL,"AQUIZE PALACIOS, RUBEN",5
EE647,SISTEMAS DE CONTROL I                                                                         ,L2,M,P,MA,16:00-18:00,VIRTUAL,"AQUIZE PALACIOS, RUBEN",5
EE647,SISTEMAS DE CONTROL I                                                                         ,L2,N,T,LU,14:00-17:00,VIRTUAL,"MERCHAN GORDILLO, FERNANDO",5
EE647,SISTEMAS DE CONTROL I                                                                         ,L2,N,P,MA,20:00-22:00,VIRTUAL,"VALENZUELA DE LA CRUZ, BASILIO",5
EE647,SISTEMAS DE CONTROL I                                                                         ,L2,O,T,VI,14:00-17:00,VIRTUAL,"MERCHAN GORDILLO, FERNANDO",5
EE647,SISTEMAS DE CONTROL I                                                                         ,L2,O,P,JU,17:00-19:00,VIRTUAL,"CARBONEL OLAZABAL, DANIEL",5
EE647,SISTEMAS DE CONTROL I                                                                         ,L2,P,T,MI,08:00-11:00,VIRTUAL,"MERCHAN GORDILLO, FERNANDO",5
EE647,SISTEMAS DE CONTROL I                                                                         ,L2,P,P,MA,18:00-20:00,VIRTUAL,"VALENZUELA DE LA CRUZ, BASILIO",5
EE647,SISTEMAS DE CONTROL I                                                                         ,L2,Q,T,MI,15:00-18:00,VIRTUAL,"MERCHAN GORDILLO, FERNANDO",5
EE647,SISTEMAS DE CONTROL I                                                                         ,L2,Q,P,MI,20:00-22:00,VIRTUAL,"VALENZUELA DE LA CRUZ, BASILIO",5
BFM17,FUNDAMENTOS DE TURBOMAQUINAS                            ,L1,M,T,VI,14:00-16:00,VIRTUAL,"VELAZCO LORENZO, DINAU",6
BFM17,FUNDAMENTOS DE TURBOMAQUINAS                            ,L1,M,P,VI,16:00-18:00,VIRTUAL,"VELAZCO LORENZO, DINAU",6
BMA20,ALGORITMOS Y ESTRUCTURAS DE DATOS II,CB,M,T,SA,08:00-10:00,VIRTUAL,"ROJAS VILLANUEVA, UWE",6
BMA20,ALGORITMOS Y ESTRUCTURAS DE DATOS II,CB,M,L,SA,10:00-12:00,LIFIEE,"ROJAS VILLANUEVA, UWE",6
BMA20,ALGORITMOS Y ESTRUCTURAS DE DATOS II,CB,N,T,MI,16:00-18:00,VIRTUAL,NN,6
BMA20,ALGORITMOS Y ESTRUCTURAS DE DATOS II,CB,N,L,MI,18:00-20:00,LIFIEE,NN,6
CIB12,APRENDIZAJE DE MAQUINA Y MINERIA DE DATOS,CB,M,T,MI,14:00-16:00,VIRTUAL,"PIZAN TOSCANO, LUPE NERIDA",6
CIB12,APRENDIZAJE DE MAQUINA Y MINERIA DE DATOS,CB,M,P,VI,16:00-18:00,VIRTUAL,"PIZAN TOSCANO, LUPE NERIDA",6
CIB12,APRENDIZAJE DE MAQUINA Y MINERIA DE DATOS,CB,N,T,MI,10:00-12:00,VIRTUAL,"PIZAN TOSCANO, LUPE NERIDA",6
CIB12,APRENDIZAJE DE MAQUINA Y MINERIA DE DATOS,CB,N,P,VI,14:00-16:00,VIRTUAL,"PIZAN TOSCANO, LUPE NERIDA",6
EE238,MEDIDAS ELECTRICAS I,L1,M,T,MA,08:00-10:00,VIRTUAL,nn,6
EE238,MEDIDAS ELECTRICAS I,L1,M,L,JU,11:00-13:00,LAB L1,"VENTOSILLA ZEVALLOS, MOISES ODAVIO",6
EE288,MÁQUINAS ELÉCTRICAS I,L1,M,T,MA,10:00-13:00,VIRTUAL,"CACERES CARDENAS, FELIX VICTOR",6
EE288,MÁQUINAS ELÉCTRICAS I,L1,M,P,JU,09:00 - 11:00,VIRTUAL,"CACERES CARDENAS, FELIX VICTOR",6
EE288,MÁQUINAS ELÉCTRICAS I,L1,N,T,MA,10:00-13:00,VIRTUAL,"GUTIERREZ  PAUCAR , AGUSTIN",6
EE288,MÁQUINAS ELÉCTRICAS I,L1,N,P,JU,16:00-18:00,VIRTUAL,"GUTIERREZ  PAUCAR , AGUSTIN",6
EE353,ANALISIS DE SISTEMAS DE POTENCIA I,L1,M,T,MI,14:00-17:00,VIRTUAL,"VENTOSILLA ZEVALLOS, MOISES ODAVIO",6
EE353,ANALISIS DE SISTEMAS DE POTENCIA I,L1,M,P,MI,17:00-19:00,VIRTUAL,"VENTOSILLA ZEVALLOS, MOISES ODAVIO",6
EE353,ANALISIS DE SISTEMAS DE POTENCIA I,L1,N,T,MI,14:00-17:00,VIRTUAL,"ÑAUPARI HUATUCO, DIONICIO ZOCIMO",6
EE353,ANALISIS DE SISTEMAS DE POTENCIA I,L1,N,P,LU,20.00-22:00,VIRTUAL,"BAUTISTA RIOS, JUAN PABLO",6
BIE01,IDIOMA EXTRANJERO O LENGUA NATIVA EN EL NIVEL NTERMEDIO,CB,M,T,SA,08:00-10:00,VIRTUAL,"FERNANDEZ MALPARTIDA, WALTER MIGUEL",6
BIE01,IDIOMA EXTRANJERO O LENGUA NATIVA EN EL NIVEL NTERMEDIO,CB,M,T,SA,12.00-14:00,VIRTUAL,"FERNANDEZ MALPARTIDA, WALTER MIGUEL",6
EE430,SISTEMAS DE COMUNICACIONES I ,L2-L3,M,T,LU,14:00-16:00,VIRTUAL,"PERALTA ALFEREZ, FRANS",6
EE430,SISTEMAS DE COMUNICACIONES I ,L2-L3,M,P,VI,18:00-20:00,VIRTUAL,JIMENEZ HEREDIA ELADIO ,6
EE430,SISTEMAS DE COMUNICACIONES I ,L2-L3,M,L,JU,14:00-16:00,LAB L3,"ROMERO FUENTES, VIRGINIA",6
EE430,SISTEMAS DE COMUNICACIONES I ,L2-L3,N,T,VI,16:00-18:00,VIRTUAL,"PERALTA ALFEREZ, FRANS",6
EE430,SISTEMAS DE COMUNICACIONES I ,L2-L3,N,P,VI,20:00-22:00,VIRTUAL,JIMENEZ HEREDIA ELADIO ,6
EE430,SISTEMAS DE COMUNICACIONES I ,L2-L3,N,L,MA,10:00-12:00,LAB L3,"ROMERO FUENTES, VIRGINIA",6
EE430,SISTEMAS DE COMUNICACIONES I ,L2-L3,O,T,LU,19:00-21:00,VIRTUAL,JIMENEZ HEREDIA ELADIO ,6
EE430,SISTEMAS DE COMUNICACIONES I ,L2-L3,O,P,MI,18:00-20:00,VIRTUAL,JIMENEZ HEREDIA ELADIO ,6
EE430,SISTEMAS DE COMUNICACIONES I ,L2-L3,O,L,MA,18:00-20:00,LAB L3,JIMENEZ HEREDIA ELADIO ,6
EE438,DISPOSITIVOS Y CIRCUITOS ELECTRÓNICOS II                          ,L2-L3,M,T,MI,10:00-13:00,VIRTUAL,"LOPEZ ARAMBURU, FERNANDO",6
EE438,DISPOSITIVOS Y CIRCUITOS ELECTRÓNICOS II                          ,L2-L3,M,P,VI,08:00-10:00,VIRTUAL,"LOPEZ ARAMBURU, FERNANDO",6
EE438,DISPOSITIVOS Y CIRCUITOS ELECTRÓNICOS II                          ,L2-L3,N,T,VI,10:00-13:00,VIRTUAL,"LOPEZ ARAMBURU, FERNANDO",6
EE438,DISPOSITIVOS Y CIRCUITOS ELECTRÓNICOS II                          ,L2-L3,N,P,SA,08:00-10:00,VIRTUAL,"LOPEZ ARAMBURU, FERNANDO",6
EE438,DISPOSITIVOS Y CIRCUITOS ELECTRÓNICOS II                          ,L2-L3,O,T,MI,10.00-13:00,VIRTUAL,"NUÑEZ CARRILLO, RICARDO",6
EE438,DISPOSITIVOS Y CIRCUITOS ELECTRÓNICOS II                          ,L2-L3,O,P,SA,10:00-12:00,VIRTUAL,"LOPEZ ARAMBURU, FERNANDO",6
EE449,INTRODUCCION A LA INGENIERIA BIOMEDICA,L2-L3,M,T,MA,18:00-20:00,VIRTUAL,"ROMERO GOYTENDIA, LUIS",6
EE449,INTRODUCCION A LA INGENIERIA BIOMEDICA,L2-L3,M,P,JU,18:00-20:00,VIRTUAL,"ROMERO GOYTENDIA, LUIS",6
EE458,LABORATORIO DE ELECTRONICA II,L2-L3,M,L,JU,08:00-10:00,LAB L2,"FLORES ATOCHE, BEAU",6
EE458,LABORATORIO DE ELECTRONICA II,L2-L3,N,L,JU,14:00-16:00,LAB L2,"FLORES ATOCHE, BEAU",6
EE458,LABORATORIO DE ELECTRONICA II,L2-L3,O,L,MA,10:00-12:00,LAB L2,"ALBURQUEQUE GUERRERO, ANGEL",6
EE458,LABORATORIO DE ELECTRONICA II,L2-L3,P,L,MA,14:00-16:00,LAB L2,"ALBURQUEQUE GUERRERO, ANGEL",6
EE458,LABORATORIO DE ELECTRONICA II,L2-L3,Q,L,MA,14:00-16:00,LAB L2,"ROMERO FUENTES, VIRGINIA",6
EE458,LABORATORIO DE ELECTRONICA II,L2-L3,R,L,MA,16:00-18:00,LAB L2,"MENDOZA CARDENAS, FREDY",6
EE458,LABORATORIO DE ELECTRONICA II,L2-L3,S,L,MA,12:00-14:00,LAB L2,"NUÑEZ CARRILLO, RICARDO",6
EE458,LABORATORIO DE ELECTRONICA II,L2-L4,T,L,LU,08:00 - 10:00,LAB L2,NN,6
EE588,ELECTROMAGNETISMO II                                                              ,L2-L3,M,T,LU,16:00-19:00,VIRTUAL,"DELGADO LEON, MIGUEL",6
EE588,ELECTROMAGNETISMO II                                                              ,L2-L3,M,P,MI,16:00-18:00,VIRTUAL,"DELGADO LEON, MIGUEL",6
EE588,ELECTROMAGNETISMO II                                                              ,L2-L3,N,T,VI,14:00-17:00,VIRTUAL,"CAJAHUARINGA CAMACO, ARMANDO",6
EE588,ELECTROMAGNETISMO II                                                              ,L2-L3,N,P,JU,18:00-20:00,VIRTUAL,NN,6
EE588,ELECTROMAGNETISMO II                                                              ,L2-L3,O,T,SA,08:00-11:00,VIRTUAL,"ALVAREZ MONTOYA, JUAN",6
EE588,ELECTROMAGNETISMO II                                                              ,L2-L3,O,P,MI,20:00-22:00,VIRTUAL,NN,6
EE588,ELECTROMAGNETISMO II                                                              ,L2-L4,P,T,SA,11:00 - 14:00,VIRTUAL,"ALVAREZ MONTOYA, JUAN",6
EE588,ELECTROMAGNETISMO II                                                              ,L2-L5,P,P,JU,20:00-22:00,VIRTUAL,"ALVAREZ MONTOYA, JUAN",6
EE604,INTRODUCCION A MICROCONTROLADORES,L2-L3,M,T,MA,13:00-15:00,VIRTUAL,"ESTRADA MONTES, JOSE ALFREDO",6
EE604,INTRODUCCION A MICROCONTROLADORES,L2-L3,M,L,MA,15:00-17:00,VIRTUAL,"ESTRADA MONTES, JOSE ALFREDO",6
EE604,INTRODUCCION A MICROCONTROLADORES,L2-L3,N,T,LU,08:00-10:00,VIRTUAL,"GALVEZ LEGUA, MAURICIO PEDRO",6
EE604,INTRODUCCION A MICROCONTROLADORES,L2-L3,N,L,LU,10:00-12:00,VIRTUAL,"GALVEZ LEGUA, MAURICIO PEDRO",6
EE604,INTRODUCCION A MICROCONTROLADORES,L2-L3,O,T,VI,18:00-20:00,VIRTUAL,"BARRIGA HOYLE, JAVIER",6
EE604,INTRODUCCION A MICROCONTROLADORES,L2-L3,O,L,VI,20:00-22:00,VIRTUAL,"BARRIGA HOYLE, JAVIER",6
EE604,INTRODUCCION A MICROCONTROLADORES,L2-L3,P,T,MI,08:00-10:00,VIRTUAL,"MORALES VILLANUEVA, AURELIO",6
EE604,INTRODUCCION A MICROCONTROLADORES,L2-L3,P,L,MI,20:00-22:00,VIRTUAL,"BARRIGA HOYLE, JAVIER",6
EE604,INTRODUCCION A MICROCONTROLADORES,L2-L3,Q,T,LU,08:00-10:00,VIRTUAL,"MORALES VILLANUEVA, AURELIO",6
EE604,INTRODUCCION A MICROCONTROLADORES,L2-L3,Q,L,LU,10:00-12:00,VIRTUAL,"MORALES VILLANUEVA, AURELIO",6
EE604,INTRODUCCION A MICROCONTROLADORES,L2-L3,R,T,JU,16:00-18:00,VIRTUAL,"ESTRADA MONTES, JOSE ALFREDO",6
EE604,INTRODUCCION A MICROCONTROLADORES,L2-L3,R,L,JU,18:00-20:00,VIRTUAL,"ESTRADA MONTES, JOSE ALFREDO",6
EE648,SISTEMAS DE CONTROL II                                                                          ,L2-L3,M,T,MA,18:00-20:00,VIRTUAL,"CARBONEL OLAZABAL, DANIEL",6
EE648,SISTEMAS DE CONTROL II                                                                          ,L2-L3,M,P,MI,08:00-10:00,VIRTUAL,"RAMIREZ HUAMAN, LUIS ENRIQUE",6
EE648,SISTEMAS DE CONTROL II                                                                          ,L2-L3,M,L,JU,10:00-12:00,LAB L2,"VALENZUELA DE LA CRUZ, BASILIO",6
EE648,SISTEMAS DE CONTROL II                                                                          ,L2-L3,N,T,MI,14:00-16:00,VIRTUAL,"CARBONEL OLAZABAL, DANIEL",6
EE648,SISTEMAS DE CONTROL II                                                                          ,L2-L3,N,P,MI,10:00-12:00,VIRTUAL,"RAMIREZ HUAMAN, LUIS ENRIQUE",6
EE648,SISTEMAS DE CONTROL II                                                                          ,L2-L3,N,L,JU,16:00-18:00,LAB L2,"VALENZUELA DE LA CRUZ, BASILIO",6
EE648,SISTEMAS DE CONTROL II                                                                          ,L2-L3,O,T,LU,16:00-18:00,VIRTUAL,"MACHUCA MINES, JOSE",6
EE648,SISTEMAS DE CONTROL II                                                                          ,L2-L3,O,P,VI,08:00-10:00,VIRTUAL,"RAMIREZ HUAMAN, LUIS ENRIQUE",6
EE648,SISTEMAS DE CONTROL II                                                                          ,L2-L3,O,L,JU,12:00-14:00,LAB L2,"VALENZUELA DE LA CRUZ, BASILIO",6
EE648,SISTEMAS DE CONTROL II                                                                          ,L2-L3,P,T,MI,14:00-16:00,VIRTUAL,"MACHUCA MINES, JOSE",6
EE648,SISTEMAS DE CONTROL II                                                                          ,L2-L3,P,P,VI,12:00-14:00,VIRTUAL,"RAMIREZ HUAMAN, LUIS ENRIQUE",6
EE648,SISTEMAS DE CONTROL II                                                                          ,L2-L3,P,L,LU,18:00-20:00,LAB L2,NN,6
EE648,SISTEMAS DE CONTROL II                                                                          ,L2-L3,Q,T,MI,16:00-18:00,VIRTUAL,"CARBONEL OLAZABAL, DANIEL",6
EE648,SISTEMAS DE CONTROL II                                                                          ,L2-L3,Q,P,JU,08:00-10:00,VIRTUAL,"CARBONEL OLAZABAL, DANIEL",6
EE648,SISTEMAS DE CONTROL II                                                                          ,L2-L3,Q,L,SA,14:00-16:00,LAB L2,NN,6
BRN93,REGULACION Y SUPERVISION DEL SECTOR ELECTRICO,L1,M,T,SA,10:00 -12:00,VIRTUAL,"SALVADOR JACOME, LEONCIO JULIO",6
BRN93,REGULACION Y SUPERVISION DEL SECTOR ELECTRICO,L1,M,P,SA,12:00 - 14:00,VIRTUAL,"SALVADOR JACOME, LEONCIO JULIO",6
EE354,ANÁLISIS DE SISTEMAS DE POTENCIA II,L1,M,T,SA,12:00-15:00,VIRTUAL,"KOC RUEDA, JOSE ELMER",7
EE354,ANÁLISIS DE SISTEMAS DE POTENCIA II,L1,M,P,SA,16:00-18:00,VIRTUAL,NN,7
EE354,ANÁLISIS DE SISTEMAS DE POTENCIA II,L1,N,T,VI,15:00-18:00,VIRTUAL,"BEDRIÑANA ARONES, MANFRED FRITZ",7
EE354,ANÁLISIS DE SISTEMAS DE POTENCIA II,L1,N,P,SA,18:00-20:00,VIRTUAL,"BEDRIÑANA ARONES, MANFRED FRITZ",7
EE235,DISEÑO DE MÁQUINAS ELÉCTRICAS I,L1,M,T,JU,13:00-16:00,VIRTUAL,"CARRANZA AREVALO, MANUEL",7
EE239,MEDIDAS ELECTRICAS II,L1,M,T,VI,14:00-16:00,VIRTUAL,"SANDOVAL RODRIGUEZ, ALBERTO",7
EE239,MEDIDAS ELECTRICAS II,L1,M,L,JU,09:00-11:00,LAB L1,"VENTOSILLA ZEVALLOS, MOISES ODAVIO",7
EE239,MEDIDAS ELECTRICAS II,L1,N,T,MI,14:00-16:00,VIRTUAL,"FARFAN LIRA, JOSE ENRIQUE",7
EE239,MEDIDAS ELECTRICAS II,L1,N,L,MA,10:00-12:00,LAB L1,"FARFAN LIRA, JOSE ENRIQUE",7
EE239,MEDIDAS ELECTRICAS II,L1,O,T,MI,20.00-22:00,VIRTUAL,"FARFAN LIRA, JOSE ENRIQUE",7
EE239,MEDIDAS ELECTRICAS II,L1,O,L,JU,14:00-16:00,LAB L1,nn,7
EE241,LABORATORIO DE MÁQUINAS ELÉCTRICAS I,L1,M,L,MA,08:00-10:00,LAB L1,"MEDINA RAMIREZ, JOSE AGUSTIN",7
EE241,LABORATORIO DE MÁQUINAS ELÉCTRICAS I,L1,N,L,MA,12:00-14:00,LAB L1,"MEDINA RAMIREZ, JOSE AGUSTIN",7
EE241,LABORATORIO DE MÁQUINAS ELÉCTRICAS I,L1,O,L,JU,12:00-14:00,LAB L1,"FARFAN LIRA, JOSE ENRIQUE",7
EE298,MÁQUINAS ELÉCTRICAS II,L1,M,T,MA,19:00-22:00,VIRTUAL,"ROJAS MIRANDA, LUIS",7
EE298,MÁQUINAS ELÉCTRICAS II,L1,M,P,JU,18:00-20:00,VIRTUAL,"ROJAS MIRANDA, LUIS",7
EE298,MÁQUINAS ELÉCTRICAS II,L1,N,T,MA,16:00-19:00,VIRTUAL,"ROJAS MIRANDA, LUIS",7
EE298,MÁQUINAS ELÉCTRICAS II,L1,N,P,JU,20:00-22:00,VIRTUAL,"ROJAS MIRANDA, LUIS",7
EE528,CONVERSION DE ENERGIA ELECTROMECANICA                             ,L2,M,T,MA,08:00 -10:00,VIRTUAL,"GUTIERREZ  PAUCAR , AGUSTIN",7
EE528,CONVERSION DE ENERGIA ELECTROMECANICA                             ,L2,M,P,JU,14:00-16:00,VIRTUAL,"GUTIERREZ  PAUCAR , AGUSTIN",7
EE528,CONVERSION DE ENERGIA ELECTROMECANICA                             ,L2,M,L,JU,10:00-12:00,LAB L1,"GUTIERREZ  PAUCAR , AGUSTIN",7
EE528,CONVERSION DE ENERGIA ELECTROMECANICA                             ,L2,N,T,LU,10:00-12:00,VIRTUAL,"GUTIERREZ  PAUCAR , AGUSTIN",7
EE528,CONVERSION DE ENERGIA ELECTROMECANICA                             ,L2,N,P,VI,10:00-12:00,VIRTUAL,"PUICAN VERA, JOSE",7
EE528,CONVERSION DE ENERGIA ELECTROMECANICA                             ,L2,N,L,MA,10.00-12:00,LAB L1,"PUICAN VERA, JOSE",7
EE532,ELECTRONICA DE POTENCIA                                                                ,L1-L2,M,T,MI,16:00-19:00,VIRTUAL,"MORENO MARTINEZ, RODOLFO MANUEL",7
EE532,ELECTRONICA DE POTENCIA                                                                ,L1-L2,M,P,MA,15:00-17:00,VIRTUAL,"MORENO MARTINEZ, RODOLFO MANUEL",7
EE532,ELECTRONICA DE POTENCIA                                                                ,L1-L2,M,L,MA,10:00-12:00,LAB L2,"NUÑEZ CARRILLO, RICARDO",7
EE532,ELECTRONICA DE POTENCIA                                                                ,L1-L2,N,T,SA,08:00-11:00,VIRTUAL,"NUÑEZ ZUÑIGA, TERESA ESTHER",7
EE532,ELECTRONICA DE POTENCIA                                                                ,L1-L2,N,P,LU,18:00-20:00,VIRTUAL,"NUÑEZ ZUÑIGA, TERESA ESTHER",7
EE532,ELECTRONICA DE POTENCIA                                                                ,L1-L2,N,L,LU,16:00-18:00,LAB L2,"NUÑEZ ZUÑIGA, TERESA ESTHER",7
EE532,ELECTRONICA DE POTENCIA                                                                ,L1-L2,O,T,VI,12:00-15:00,VIRTUAL,"SAL Y ROSAS CELI, DAMIAN",7
EE532,ELECTRONICA DE POTENCIA                                                                ,L1-L2,O,P,MI,12:00-14:00,VIRTUAL,"SAL Y ROSAS CELI, DAMIAN",7
EE532,ELECTRONICA DE POTENCIA                                                                ,L1-L2,O,L,MA,12:00-14:00,LAB L2,NN,7
EE532,ELECTRONICA DE POTENCIA                                                                ,L1-L2,P,T,VI,16:00-19:00,VIRTUAL,"MORENO MARTINEZ, RODOLFO MANUEL",7
EE532,ELECTRONICA DE POTENCIA                                                                ,L1-L2,P,P,LU,10:00 -12:00,VIRTUAL,"NUÑEZ CARRILLO, RICARDO",7
EE532,ELECTRONICA DE POTENCIA                                                                ,L1-L2,P,L,JU,10:00 -12:00,LAB L2,"NUÑEZ CARRILLO, RICARDO",7
EE532,ELECTRONICA DE POTENCIA                                                                ,L1-L2,Q,T,MI,10.00-13:00,VIRTUAL,"TISZA CONTRERAS, JUAN",7
EE532,ELECTRONICA DE POTENCIA                                                                ,L1-L2,Q,P,MI,16:00-18:00,VIRTUAL,"TISZA CONTRERAS, JUAN",7
EE532,ELECTRONICA DE POTENCIA                                                                ,L1-L2,Q,L,MA,14:00-16:00,LAB L2,"RAMIREZ HUAMAN, LUIS ENRIQUE",7
EE467,PROTOCOLOS DE ENRUTAMIENTO Y ARQUITECTURA DE REDES ,L3,M,T,LU,18:00-20:00,VIRTUAL,"DIAZ ATAUCURI, DANIEL",7
EE467,PROTOCOLOS DE ENRUTAMIENTO Y ARQUITECTURA DE REDES,L3,M,L,LU,20:00-22:00,VIRTUAL,"DIAZ ATAUCURI, DANIEL",7
EE467,PROTOCOLOS DE ENRUTAMIENTO Y ARQUITECTURA DE REDES ,L3,N,T,SA,12:00-14:00,VIRTUAL,"DIAZ ATAUCURI, DANIEL",7
EE467,PROTOCOLOS DE ENRUTAMIENTO Y ARQUITECTURA DE REDES ,L3,N,L,SA,14:00-16:00,VIRTUAL,"DIAZ ATAUCURI, DANIEL",7
EE530,SISTEMAS DE COMUNICACIONES II                         ,L2-L3,M,T,LU,16:00-18:00,VIRTUAL,"PERALTA ALFEREZ, FRANS",7
EE530,SISTEMAS DE COMUNICACIONES II                         ,L2-L3,M,P,LU,11:00-13:00,VIRTUAL,"RODRIGUEZ GUTIERREZ, ALFREDO",7
EE530,SISTEMAS DE COMUNICACIONES II                         ,L2-L3,M,L,JU,10:00-12:00,LAB L3,"FLORES ATOCHE, BEAU",7
EE530,SISTEMAS DE COMUNICACIONES II                         ,L2-L3,N,T,VI,18:00-20:00,VIRTUAL,"PERALTA ALFEREZ, FRANS",7
EE530,SISTEMAS DE COMUNICACIONES II                         ,L2-L3,N,P,LU,08:00-10:00,VIRTUAL,"RODRIGUEZ GUTIERREZ, ALFREDO",7
EE530,SISTEMAS DE COMUNICACIONES II                         ,L2-L3,N,L,MA,16:00-18:00,LAB L3,"FLORES ATOCHE, BEAU",7
EE530,SISTEMAS DE COMUNICACIONES II                         ,L2-L3,O,T,LU,18:00 - 20:00,VIRTUAL,"PERALTA ALFEREZ, FRANS",7
EE530,SISTEMAS DE COMUNICACIONES II                         ,L2-L3,O,P,LU,14:00-16:00,VIRTUAL,"RODRIGUEZ GUTIERREZ, ALFREDO",7
EE530,SISTEMAS DE COMUNICACIONES II                         ,L2-L3,O,L,MA,10:00-12:00,LAB L3,"RODRIGUEZ GUTIERREZ, ALFREDO",7
EE530,SISTEMAS DE COMUNICACIONES II                         ,L2-L3,P,T,LU,20:00-22:00,VIRTUAL,"CORDOVA BERNUY, VICTOR",7
EE530,SISTEMAS DE COMUNICACIONES II                         ,L2-L3,P,P,VI,16:00-18:00,VIRTUAL,"CORDOVA BERNUY, VICTOR",7
EE530,SISTEMAS DE COMUNICACIONES II                         ,L2-L3,P,L,JU,16:00-18:00,LAB L3,"CORDOVA BERNUY, VICTOR",7
EE530,SISTEMAS DE COMUNICACIONES II                         ,L2-L3,Q,T,MI,14:00-16:00,VIRTUAL,"PERALTA ALFEREZ, FRANS",7
EE530,SISTEMAS DE COMUNICACIONES II                         ,L2-L3,Q,P,MA,14:00-16:00,VIRTUAL,"RODRIGUEZ GUTIERREZ, ALFREDO",7
EE530,SISTEMAS DE COMUNICACIONES II                         ,L2-L3,Q,L,MA,08:00-10:00,LAB L3,"RODRIGUEZ GUTIERREZ, ALFREDO",7
EE530,SISTEMAS DE COMUNICACIONES II                         ,L2-L3,R,T,LU,19:00-21:00,VIRTUAL,NN,7
EE530,SISTEMAS DE COMUNICACIONES II                         ,L2-L3,R,P,VI,20:00-22:00,VIRTUAL,NN,7
EE530,SISTEMAS DE COMUNICACIONES II                         ,L2-L3,R,L,JU,20.00-22:00,LAB L3,NN,7
EE590,COMUNICACIONES POR FIBRA ÓPTICA                                                   ,L3,M,T,JU,18:00-20:00,VIRTUAL,"BELLEZA ZAMORA, EDUARDO",7
EE590,COMUNICACIONES POR FIBRA ÓPTICA                                                   ,L3,M,P,JU,20:00-22:00,VIRTUAL,"BELLEZA ZAMORA, EDUARDO",7
EE590,COMUNICACIONES POR FIBRA ÓPTICA                                                   ,L3,M,L,SA,08:00-10:00,VIRTUAL,"BELLEZA ZAMORA, EDUARDO",7
EE590,COMUNICACIONES POR FIBRA ÓPTICA                                                   ,L3,N,T,VI,18:00-20:00,VIRTUAL,"BELLEZA ZAMORA, EDUARDO",7
EE590,COMUNICACIONES POR FIBRA ÓPTICA                                                   ,L3,N,P,VI,20:00-22:00,VIRTUAL,"BELLEZA ZAMORA, EDUARDO",7
EE590,COMUNICACIONES POR FIBRA ÓPTICA                                                   ,L3,N,L,SA,10:00-12:00,VIRTUAL,"BELLEZA ZAMORA, EDUARDO",7
EE593,SISTEMAS DE RADIOCOMUNICACION                               ,L3,M,T,MI,16:00-19:00,VIRTUAL,"LOZANO SALAS, JULIO",7
EE593,SISTEMAS DE RADIOCOMUNICACION                               ,L3,M,P,MI,19:00-21:00,VIRTUAL,"LOZANO SALAS, JULIO",7
EE658,REDES DE AUTOMATIZACION Y PROCESOS INDUSTRIALES,L3,M,T,MI,08:00-10:00,VIRTUAL,"GALVEZ LEGUA, MAURICIO PEDRO",7
EE658,REDES DE AUTOMATIZACION Y PROCESOS INDUSTRIALES,L3,M,P,MI,10:00-12:00,VIRTUAL,"GALVEZ LEGUA, MAURICIO PEDRO",7
EE644,DISEÑO LÓGICO DIGITAL                                                                                   ,L2-L3,M,T,VI,08:00-10:00,VIRTUAL,"DIAZ ALIAGA, JULIO",7
EE644,DISEÑO LÓGICO DIGITAL                                                                                   ,L2-L3,M,P,VI,14:00-16:00,VIRTUAL,"DIAZ ALIAGA, JULIO",7
EE644,DISEÑO LÓGICO DIGITAL                                                                                   ,L2-L3,M,L,JU,16:00-18:00,VIRTUAL,"DIAZ ALIAGA, JULIO",7
EE644,DISEÑO LÓGICO DIGITAL                                                                                   ,L2-L3,N,T,MI,10:00-12:00,VIRTUAL,"BRICEÑO ARANDA, CESAR",7
EE644,DISEÑO LÓGICO DIGITAL                                                                                   ,L2-L3,N,P,MI,14:00-16:00,VIRTUAL,"BRICEÑO ARANDA, CESAR",7
EE644,DISEÑO LÓGICO DIGITAL                                                                                   ,L2-L3,N,L,VI,08:00 - 10:00,VIRTUAL,"BRICEÑO ARANDA, CESAR",7
EE678,INSTRUMENTACIÓN Y CONTROL DE PROCESOS INDUSTRIALES ,L2,M,T,MI,14:00-16:00,VIRTUAL,"MEDINA RAMOS, CARLOS",7
EE678,INSTRUMENTACIÓN Y CONTROL DE PROCESOS INDUSTRIALES ,L2,M,P,MI,16:00-18:00,VIRTUAL,"MEDINA RAMOS, CARLOS",7
EE678,INSTRUMENTACIÓN Y CONTROL DE PROCESOS INDUSTRIALES,L2,M,L,LU,14:00-16:00,VIRTUAL,NN,7
EE678,INSTRUMENTACIÓN Y CONTROL DE PROCESOS INDUSTRIALES ,L2,N,T,LU,14:00-16:00,VIRTUAL,"MEDINA RAMOS, CARLOS",7
EE678,INSTRUMENTACIÓN Y CONTROL DE PROCESOS INDUSTRIALES ,L2,N,P,LU,10:00-12:00,VIRTUAL,"RAMIREZ HUAMAN, LUIS ENRIQUE",7
EE678,INSTRUMENTACIÓN Y CONTROL DE PROCESOS INDUSTRIALES,L2,N,L,MA,16:00-18:00,VIRTUAL,"RAMIREZ HUAMAN, LUIS ENRIQUE",7
BEG06,FORMULACIÓN Y EVALUACION DE PROYECTOS                            ,L1-L12-L3,M,T,MI,18:00-20:00,VIRTUAL,"SALVADOR JACOME, LEONCIO JULIO",8
BEG06,FORMULACIÓN Y EVALUACION DE PROYECTOS                            ,L1-L12-L3,M,P,JU,18:00-20:00,VIRTUAL,"SALVADOR JACOME, LEONCIO JULIO",8
BEG06,FORMULACIÓN Y EVALUACION DE PROYECTOS                            ,L1-L12-L3,N,T,MI,20:00-22:00,VIRTUAL,"SALVADOR JACOME, LEONCIO JULIO",8
BEG06,FORMULACIÓN Y EVALUACION DE PROYECTOS                            ,L1-L12-L3,N,P,JU,20:00-22:00,VIRTUAL,"SALVADOR JACOME, LEONCIO JULIO",8
BEG06,FORMULACIÓN Y EVALUACION DE PROYECTOS                            ,L1-L12-L3,O,T,SA,08:00-10:00,VIRTUAL,"MONTES BAZALAR, LUIS",8
BEG06,FORMULACIÓN Y EVALUACION DE PROYECTOS                            ,L1-L12-L3,O,P,SA,10:00-12:00,VIRTUAL,"MONTES BAZALAR, LUIS",8
BEG06,FORMULACIÓN Y EVALUACION DE PROYECTOS                            ,L1-L12-L3,P,T,MI,14:00-16:00,VIRTUAL,"SANDOVAL RODRIGUEZ, ALBERTO",8
BEG06,FORMULACIÓN Y EVALUACION DE PROYECTOS                            ,L1-L12-L3,P,P,LU,16:00 - 18:00,VIRTUAL,"SANDOVAL RODRIGUEZ, ALBERTO",8
BEG06,FORMULACIÓN Y EVALUACION DE PROYECTOS                            ,L1-L12-L3,Q,T,MA,20:00-22:00,VIRTUAL,"DEGREGORI CADENILLAS, LUIS",8
BEG06,FORMULACIÓN Y EVALUACION DE PROYECTOS                            ,L1-L12-L3,Q,P,JU,20:00-22:00,VIRTUAL,"DEGREGORI CADENILLAS, LUIS",8
EE225,MÁQUINAS ELÉCTRICAS III,L1,M,T,MI,08:00 - 10:00,VIRTUAL,"PALMA GARCIA, MODESTO TOMAS",8
EE225,MÁQUINAS ELÉCTRICAS III,L1,M,P,MI,10:00-12:00,VIRTUAL,"PALMA GARCIA, MODESTO TOMAS",8
EE242,LABORATORIO DE MÁQUINAS ELÉCTRICAS II,L1,M,L,JU,08:00-10:00,LAB L1,"ROJAS MIRANDA, LUIS",8
EE242,LABORATORIO DE MÁQUINAS ELÉCTRICAS II,L1,N,L,MA,12:00-14:00,LAB L1,"PUICAN VERA, JOSE",8
EE242,LABORATORIO DE MÁQUINAS ELÉCTRICAS II,L1,O,L,MA,08:00-10:00,LAB L1,"PUICAN VERA, JOSE",8
EE336,INGENIERIA DE ALTA TENSION                                                                             ,L1,M,T,LU,16:00-19:00,VIRTUAL,"YANQUE MONTUFAR, JUSTO",8
EE336,INGENIERIA DE ALTA TENSION                                                                             ,L1,M,L,LU,14:00-16:00,VIRTUAL,"YANQUE MONTUFAR, JUSTO/SANDOVAL RODRIGUEZ, ALBERTO",8
EE375,ESTABILIDAD DE SISTEMAS DE POTENCIA,L1,M,T,JU,19:00-22:00,VIRTUAL,"RAMIREZ ARCELLES, ROBERTO",8
EE375,ESTABILIDAD DE SISTEMAS DE POTENCIA,L1,M,P,MI,20:00-22:00,VIRTUAL,"RAMIREZ ARCELLES, ROBERTO",8
EE393,LINEAS DE TRANSMISION DE POTENCIA,L1,M,T,VI,18:00-20:00,VIRTUAL,"BAUTISTA RIOS, JUAN PABLO",8
EE393,LINEAS DE TRANSMISION DE POTENCIA,L1,M,P,VI,20:00-22:00,VIRTUAL,"BAUTISTA RIOS, JUAN PABLO",8
EE393,LINEAS DE TRANSMISION DE POTENCIA,L1,N,T,VI,20:00-22:00,VIRTUAL,"MORENO CUEVA, CESAR",8
EE393,LINEAS DE TRANSMISION DE POTENCIA,L1,N,P,JU,20:00-22:00,VIRTUAL,"MORENO CUEVA, CESAR",8
EE470,INSTALACIONES ELECTRICAS INDUSTRIALES                            ,L1,M,T,MA,14:00-17:00,VIRTUAL,"ROSADO AGUIRRE, ESTANISLAO UBALDO",8
EE470,INSTALACIONES ELECTRICAS INDUSTRIALES                            ,L1,M,P,JU,14:00-16:00,VIRTUAL,"ROSADO AGUIRRE, ESTANISLAO UBALDO",8
EE468,ELECTRÓNICA DE RADIOCOMUNICACIONES                                     ,L2-L3,M,T,MA,09:00-12:00,VIRTUAL,NN,8
EE468,ELECTRÓNICA DE RADIOCOMUNICACIONES                                     ,L2-L3,M,P,MA,12:00-14:00,VIRTUAL,NN,8
EE468,ELECTRÓNICA DE RADIOCOMUNICACIONES                                     ,L2-L3,N,T,MI,08:00-11:00,VIRTUAL,NN,8
EE468,ELECTRÓNICA DE RADIOCOMUNICACIONES                                     ,L2-L3,N,P,MI,11:00-13:00,VIRTUAL,NN,8
EE592,MICROONDAS,L3,M,T,LU,18:00-20:00,VIRTUAL,"LOPEZ TAFUR, MARCIAL ANTONIO",8
EE592,MICROONDAS,L3,M,P,LU,20:00-22:00,VIRTUAL,"LOPEZ TAFUR, MARCIAL ANTONIO",8
EE592,MICROONDAS,L3,M,L,JU,08:00-10:00,LAB L3,"CAJAHUARINGA CAMACO, ARMANDO",8
EE592,MICROONDAS,L3,N,T,MI,18:00-20:00,VIRTUAL,"ALVAREZ MONTOYA, JUAN",8
EE592,MICROONDAS,L3,N,P,MI,20:00-22:00,VIRTUAL,"ALVAREZ MONTOYA, JUAN",8
EE592,MICROONDAS,L3,N,L,JU,10:00-12:00,LAB L3,"CAJAHUARINGA CAMACO, ARMANDO",8
CIB02,INGENIERIA DE SOFTWARE                                                                 ,L3,M,T,SA,13:00-15:00,VIRTUAL,"GALVEZ LEGUA, MAURICIO PEDRO",8
CIB02,INGENIERIA DE SOFTWARE                                                                 ,L3,M,L,SA,15:00-17:00,VIRTUAL,"GALVEZ LEGUA, MAURICIO PEDRO",8
EE594,ANTENAS,L2-L3,M,T,MA,18:00-20:00,VIRTUAL,"LOPEZ TAFUR, MARCIAL ANTONIO",8
EE594,ANTENAS,L2-L3,M,L,MA,20:00-22:00,VIRTUAL,"LOPEZ TAFUR, MARCIAL ANTONIO",8
EE596,SISTEMAS DE RADIODIFUSION Y TELEVISION POR CABLE    ,L2-L3,M,T,VI,18:00-20:00,VIRTUAL,"PATTRONI CHAVEZ,  ARMANDO",8
EE596,SISTEMAS DE RADIODIFUSION Y TELEVISION POR CABLE       ,L2-L3,M,P,VI,20:00-22:00,VIRTUAL,"PATTRONI CHAVEZ,  ARMANDO",8
EE598,RADIODIFUSION DE VIDEO Y AUDIO DIGITALES               ,L2-L3,M,T,LU,18:00-20:00,VIRTUAL,"PATTRONI CHAVEZ,  ARMANDO",8
EE598,RADIODIFUSION DE VIDEO Y AUDIO DIGITALES               ,L2-L3,M,P,LU,20:00-22:00,VIRTUAL,"PATTRONI CHAVEZ,  ARMANDO",8
EE621,CONTROLES ELECTRICOS Y AUTOMATIZACION,L2,M,T,MA,19:00-22:00,VIRTUAL,"AQUIZE PALACIOS, RUBEN",8
EE621,CONTROLES ELECTRICOS Y AUTOMATIZACION,l2,M,L,JU,18:00-20:00,VIRTUAL,"AQUIZE PALACIOS, RUBEN",8
EE689,ARQUITECTURA DE MICROCONTROLADORES AVANZADOS,L2,M,T,JU,18:00-20:00,VIRTUAL,"BARRIGA HOYLE, JAVIER",8
EE689,ARQUITECTURA DE MICROCONTROLADORES AVANZADOS,L2,M,L,JU,20:00-22:00,VIRTUAL,"BARRIGA HOYLE, JAVIER",8
EE681,ARQUITECTURA DE COMPUTADORAS DE PROCESAMIENTO PARALELO,L2,M,T,MI,10:00-12:00,VIRTUAL,"MORALES VILLANUEVA, AURELIO",8
EE681,ARQUITECTURA DE COMPUTADORAS DE PROCESAMIENTO PARALELO,L2,M,P,VI,08:00-10:00,VIRTUAL,"MORALES VILLANUEVA, AURELIO",8
EE681,ARQUITECTURA DE COMPUTADORAS DE PROCESAMIENTO PARALELO,L2,M,L,VI,10:00-12:00,VIRTUAL,"MORALES VILLANUEVA, AURELIO",8
EE508,INGENIERIA DE AUDIO Y VIDEO,L2-L3,M,T,VI,20:00-22:00,VIRTUAL,"LOPEZ TAFUR, MARCIAL ANTONIO",8
EE508,INGENIERIA DE AUDIO Y VIDEO,L2-L3,M,P,VI,18:00-20:00,VIRTUAL,"LOPEZ TAFUR, MARCIAL ANTONIO",8
EE693,SISTEMAS MICROELECTRONICOS INTEGRADOS,L2-L3,M,T,MI,18:00-20:00,VIRTUAL,"ALARCON MATUTTI, RUBEN VIRGILIO",8
EE693,SISTEMAS MICROELECTRONICOS INTEGRADOS,L2-L3,M,L,MI,20:00-22:00,VIRTUAL,"ALARCON MATUTTI, RUBEN VIRGILIO",8
EE585,TRANSITORIOS ELECTROMAGNETICOS EN SISTEMAS DE POTENCIA,L1,M,T,SA,14:00-16:00,VIRTUAL,"BEDRIÑANA ARONES, MANFRED FRITZ",8
EE585,TRANSITORIOS ELECTROMAGNETICOS EN SISTEMAS DE POTENCIA,L1,M,L,SA,16:00-18:00,VIRTUAL,"BEDRIÑANA ARONES, MANFRED FRITZ",8
EE672,ROBOTICA INDUSTRIAL,L1-L2-L3,M,T,LU,20:00-22:00,VIRTUAL,"GALVEZ LEGUA, MAURICIO PEDRO",8
EE672,ROBOTICA INDUSTRIAL,L1-L2-L3,M,P,SA,18:00-20:00,VIRTUAL,"GALVEZ LEGUA, MAURICIO PEDRO",8
EE672,ROBOTICA INDUSTRIAL,L1-L2-L3,M,L,SA,20:00-22:00,VIRTUAL,"GALVEZ LEGUA, MAURICIO PEDRO",8
EE676,CENTRALES ELÉCTRICAS I,L1,M,T,SA,08:00-10:00,VIRTUAL,"ANTARA ARIAS, RONAL",9
EE676,CENTRALES ELÉCTRICAS I,L1,M,P,MI,20:00-22:00,VIRTUAL,"AGUILAR QUIROZ, RICARDO",9
EE344,INGENIERÍA DE ILUMINACIÓN,L1,M,T,JU,08:00-10:00,VIRTUAL,"CHACALIAZA HUAPAYA, LUIS",9
EE344,INGENIERÍA DE ILUMINACIÓN,L1,M,P,JU,10:00-12:00,VIRTUAL,"CHACALIAZA HUAPAYA, LUIS",9
EE346,INSTALACIONES ELÉCTRICAS II,L1,M,T,JU,16:00-19:00,VIRTUAL,"HUAYLLASCO MONTALVA, CARLOS",9
EE346,INSTALACIONES ELÉCTRICAS II,L1,M,P,VI,18:00-20:00,VIRTUAL,"MORENO CUEVA, CESAR",9
EE445,PROYECTO FIN DE CARRERA (L1),L1,M,T,MA,16:00-18:00,VIRTUAL,"FLORES TINOCO, MOISES ARISTE",9
EE445,PROYECTO FIN DE CARRERA (L1),L1,M,P/L,MI,16:00-20:00,VIRTUAL,"FLORES TINOCO, MOISES ARISTE",9
EE445,PROYECTO FIN DE CARRERA (L1),L1,N,T,VI,18:00-20:00,VIRTUAL,NN,9
EE445,PROYECTO FIN DE CARRERA (L1),L1,N,P/L,VI,14:00-18:00,VIRTUAL,"KOC RUEDA, JOSE ELMER",9
EE445,PROYECTO FIN DE CARRERA (L1),L1,O,T,MA,16:00-18:00,VIRTUAL,"CACERES CARDENAS, FELIX VICTOR",9
EE445,PROYECTO FIN DE CARRERA (L1),L1,O,P/L,VI,14:00-18:00,VIRTUAL,nn,9
EE445,"PROYECTO FIN DE CARRERA (L2,L3)",L2,P,T,MI,20:00 - 22:00,VIRTUAL,"CARBONEL OLAZABAL, DANIEL",9
EE445,"PROYECTO FIN DE CARRERA (L2,L3)",L2,P,P/L,VI,18:00-22:00,VIRTUAL,"ATALAYA PISCO, CESAR AUGUSTO",9
EE445,"PROYECTO FIN DE CARRERA (L2,L3)",L2,Q,T,LU,16:00-18:00,VIRTUAL,NN,9
EE445,"PROYECTO FIN DE CARRERA (L2,L3)",L2,Q,P/L,MA,18:00-22:00,VIRTUAL,NN,9
EE445,"PROYECTO FIN DE CARRERA (L2,L3)",L3,R,T,MA,18:00-20:00,VIRTUAL,"FIGUEROA SANTOS, LUIS LEONCIO",9
EE445,"PROYECTO FIN DE CARRERA (L2,L3)",L3,R,P/L,VI,16:00-20:00,VIRTUAL,"FIGUEROA SANTOS, LUIS LEONCIO",9
EE445,"PROYECTO FIN DE CARRERA (L2,L3)",L3,S,T,MA,16:00-18:00,VIRTUAL,"FIGUEROA SANTOS, LUIS LEONCIO",9
EE445,"PROYECTO FIN DE CARRERA (L2,L3)",L3,S,P/L,JU,14:00-18:00,VIRTUAL,"FIGUEROA SANTOS, LUIS LEONCIO",9
EE498,LABORATORIO DE RADIOCOMUNICACIONES                      ,L2-L3,M,L,MA,14:00-16:00,VIRTUAL,"FLORES ATOCHE, BEAU",9
EE498,LABORATORIO DE RADIOCOMUNICACIONES                      ,L2-L3,N,L,JU,14:00-16:00,VIRTUAL,"ALBURQUEQUE GUERRERO, ANGEL",9
EE498,LABORATORIO DE RADIOCOMUNICACIONES                      ,L2-L3,O,L,MA,10:00-12:00,VIRTUAL,"FLORES ATOCHE, BEAU",9
EE625,CONTROL III,L2,M,T,LU,18:00-21:00,VIRTUAL,"MACHUCA MINES, JOSE",9
EE625,CONTROL III,L2,M,P,VI,14:00-16:00,VIRTUAL,"MACHUCA MINES, JOSE",9
EE698,LABORATORIO DE SISTEMAS ELECTRICOS DE POTENCIA ,L1,M,L,MA,10:00-12:00,LAB L1,"MEDINA RAMIREZ, JOSE AGUSTIN",9
EE708,SISTEMAS DE CONMUTACIÓN DE TELECOMUNICACIONES ,L3,M,T,MI,14:00-16:00,VIRTUAL,"TRONCOSO CASTRO, PAUL",9
EE708,SISTEMAS DE CONMUTACIÓN DE TELECOMUNICACIONES,L3,M,P,MI,16:00-18:00,VIRTUAL,"TRONCOSO CASTRO, PAUL",9
CIB14,SISTEMAS OPERATIVOS,L2-L3,M,T,SA,08:00-10:0,VIRTUAL,NN,9
CIB14,SISTEMAS OPERATIVOS,L2-L3,M,L,SA,10:00-12:00,VIRTUAL,NN,9
CIB54,GESTIÓN Y SEGURIDAD DE REDES,L3,M,T,LU,18:00-20:00,VIRTUAL,"NEYRA HERRERA, MIGUEL",9
CIB54,GESTIÓN Y SEGURIDAD DE REDES,L3,M,L,LU,20:00-22:00,VIRTUAL,"NEYRA HERRERA, MIGUEL",9
CIB54,GESTIÓN Y SEGURIDAD DE REDES,L3,N,T,MI,20:00-22:00,VIRTUAL,NN,9
CIB54,GESTIÓN Y SEGURIDAD DE REDES,L3,N,L,MI,18:00-20:00,VIRTUAL,NN,9
EE316,CENTRALES ELÉCTRICAS II,L1,M,T,SA,12:00-15:00,VIRTUAL,"ANTARA ARIAS, RONAL",10
EE316,CENTRALES ELÉCTRICAS II,L1,M,P,VI,20:00-22:00,VIRTUAL,"AGUILAR QUIROZ, RICARDO",10
EE376,PROTECCIÓN DE SISTEMAS DE POTENCIA,L1,M,T,SA,10;00-12;00,VIRTUAL,"ARROYO ARANA, CARLOS ALBERTO",10
EE376,PROTECCIÓN DE SISTEMAS DE POTENCIA,L1,M,P,SA,17:0-19:00,VIRTUAL,"VENTOSILLA ZEVALLOS, MOISES ODAVIO",10
EE385,VALUACION Y TARIFICACION DE LA ENERGIA ELECTRICA,L1,M,T,VI,10:00-13:00,VIRTUAL,"SANDOVAL RODRIGUEZ, ALBERTO",10
EE387,PLANEAMIENTO DE PROYECTOS DE INGENIERIA ELECTRICA,L1,M,T,MA,16:00-18:00,VIRTUAL,"ZORRILLA ACOSTA, JOSE ALBERTO",10
EE387,PLANEAMIENTO DE PROYECTOS DE INGENIERIA ELECTRICA,L1,M,P,MA,18:00-20:00,VIRTUAL,"ZORRILLA ACOSTA, JOSE ALBERTO",10
EE446,PROYECTO DE TESIS (L1),L1,M,T,MA,14:00-16:00,VIRTUAL,"CACERES CARDENAS, FELIX VICTOR",10
EE446,PROYECTO DE TESIS (L1),L1,M,P,VI,14:00-18:00,VIRTUAL,"CACERES CARDENAS, FELIX VICTOR",10
EE446,PROYECTO DE TESIS (L1),L1,N,T,LU,10:00-12:00,VIRTUAL,"PALMA GARCIA, MODESTO TOMAS",10
EE446,PROYECTO DE TESIS (L1),L1,N,P,MI,14:00-18:00,VIRTUAL,"PALMA GARCIA, MODESTO TOMAS",10
EE446,PROYECTO DE TESIS (L1),L1,O,T,SA,08:00-10:00,VIRTUAL,"ARROYO ARANA, CARLOS ALBERTO",10
EE446,PROYECTO DE TESIS (L1),L1,O,P,SA,13:00-17:00,VIRTUAL,"ARROYO ARANA, CARLOS ALBERTO",10
EE446,"PROYECTO DE TESIS (L2,L3)",L2,P,T,MA,17:00-19:00,VIRTUAL,"MEDINA RAMOS, CARLOS",10
EE446,"PROYECTO DE TESIS (L2,L3)",L2,P,P,JU,16:00 - 20:00,VIRTUAL,"MEDINA RAMOS, CARLOS",10
EE446,"PROYECTO DE TESIS (L2,L3)",L2,Q,T,VI,16:00-18:00,VIRTUAL,"TRONCOSO CASTRO, PAUL",10
EE446,"PROYECTO DE TESIS (L2,L3)",L2,Q,P,SA,17:00-21:00,VIRTUAL,"DEGREGORI CADENILLAS, LUIS",10
EE446,"PROYECTO DE TESIS (L2,L3)",L3,R,T,LU,20:00-22:00,VIRTUAL,"ATALAYA PISCO, CESAR AUGUSTO",10
EE446,"PROYECTO DE TESIS (L2,L3)",L3,R,P,MI,18:00-22:00,VIRTUAL,"ATALAYA PISCO, CESAR AUGUSTO",10
EE446,"PROYECTO DE TESIS (L2,L3)",L3,S,T,LU,20:00-22:00,VIRTUAL,"LOZANO SALAS, JULIO",10
EE446,"PROYECTO DE TESIS (L2,L3)",L3,S,P,SA,17:00-21:00,VIRTUAL,"LOZANO SALAS, JULIO",10
EE446,"PROYECTO DE TESIS (L2,L3)",L3,T,T,SA,12:00-14:00,VIRTUAL,"MONTES BAZALAR, LUIS",10
EE446,"PROYECTO DE TESIS (L2,L3)",L3,T,P,VI,18:00-22:00,VIRTUAL,"DIAZ ZEGARRA, JOSE",10
EE679,SUBESTACIONES ELÉCTRICAS,L2,M,T,LU,18:00-20:00,VIRTUAL,"BAUTISTA RIOS, JUAN PABLO",10
EE679,SUBESTACIONES ELÉCTRICAS,L3,M,P,MI,20:00-22:00,VIRTUAL,"BAUTISTA RIOS, JUAN PABLO",10
EE679,SUBESTACIONES ELÉCTRICAS,L2,N,T,MA,20:00-22:00,VIRTUAL,"FLORES TINOCO, MOISES ARISTE",10
EE679,SUBESTACIONES ELÉCTRICAS,L3,N,P,MI,20.00-22:00,VIRTUAL,NN,10
EE712,PLANIFICACION DE REDES DE TELECOMUNICACIONES ,L3,M,T,JU,18:00-20:00,VIRTUAL,"MONTES BAZALAR, LUIS",10
EE712,PLANIFICACION DE REDES DE TELECOMUNICACIONES ,L3,M,L,JU,20:00-22:00,VIRTUAL,"MONTES BAZALAR, LUIS",10
EE548,REDES INALAMBRICAS Y MOVILES                                  ,L3,M,P,LU,14:00-16:00,VIRTUAL,"TRONCOSO CASTRO, PAUL",10
EE548,REDES INALAMBRICAS Y MOVILES                                  ,L3,M,T,LU,16:00-18:00,VIRTUAL,"TRONCOSO CASTRO, PAUL",10
EE718,SISTEMAS DE CONTROL AVANZADO,L1,M,T,MI,18:00-20:00,VIRTUAL,"MACHUCA MINES, JOSE",10
EE718,SISTEMAS DE CONTROL AVANZADO,L1,M,P,JU,16:00-18:00,VIRTUAL,"MACHUCA MINES, JOSE",10
BRN35,REGULACIÓN Y MERCADO DE LAS TELECOMUNICACIONES,L3,M,T,MA,16:00-18:00,VIRTUAL,"ATALAYA PISCO, CESAR AUGUSTO",10
BRN35,REGULACIÓN Y MERCADO DE LAS TELECOMUNICACIONES,L3,M,P,MA,18:00-20:00,VIRTUAL,"ATALAYA PISCO, CESAR AUGUSTO",10
CIB28,VISIÓN Y ANÁLISIS DE IMÁGENES POR COMPUTADOR,L1-L2-L3,M,T,MI,14:00-16:00,VIRTUAL,"GAMARRA QUISPE, SEGUNDO",10
CIB28,VISIÓN Y ANÁLISIS DE IMÁGENES POR COMPUTADOR,L1-L2-L3,M,L,MI,16:00-18:00,VIRTUAL,"GAMARRA QUISPE, SEGUNDO",10
EE469,ARQUITECTURA DE CENTROS DE DATOS,L1-L2-L3,M,T,VI,14:00-16:00,VIRTUAL,"BENITEZ PALACIOS, JOSE",10
EE469,ARQUITECTURA DE CENTROS DE DATOS,L1-L2-L3,M,L,VI,16:00-18:00,VIRTUAL,"BENITEZ PALACIOS, JOSE",10
EE469,ARQUITECTURA DE CENTROS DE DATOS,L1-L2-L3,N,T,MA,14:00-16:00,VIRTUAL,NN,10
EE469,ARQUITECTURA DE CENTROS DE DATOS,L1-L2-L3,N,L,MI,20:00-22:00,VIRTUAL,NN,10
